{
  "model_info": {
    "file_name": "conc_10pisos.EDB",
    "file_path": "D:/programas/modelos_etabs/conc_10pisos.EDB",
    "units": "kN_m",
    "export_date": "2025-10-18T21:52:29.869847"
  },
  "materials": [
    {
      "Material": "A992Fy50",
      "Type": 1,
      "E": 199947987.0527813,
      "U": 0.3,
      "A": 1.16999999590917e-05,
      "G": 76903071.94337742
    },
    {
      "Material": "Concreto f'c=210 kg/cm2",
      "Type": 2,
      "E": 21316784.18543609,
      "U": 0.15,
      "A": 9.89999989542412e-06,
      "G": 9268167.037146127
    },
    {
      "Material": "Acero Refuerzo",
      "Type": 6,
      "E": 0.0,
      "U": 0.0,
      "A": 0.0,
      "G": 0.0
    },
    {
      "Material": "A416Gr270",
      "Type": 7,
      "E": 0.0,
      "U": 0.0,
      "A": 0.0,
      "G": 0.0
    }
  ]
}